Name,Last Edited,Tags
190627_thu_,"Jun 28, 2019 6:22 PM",this
190628_fri_01,"Jun 28, 2019 12:05 PM","CSS,DOM,HTML,selector"
190628_fri_02,"Jun 28, 2019 1:49 PM","asynchronousCall,callback,setTimeout,비동기호출"
190628_fri_03,"Jun 28, 2019 6:54 PM","apply,bind,call,currying,setTimeout"
190628_fri_04,"Jun 28, 2019 7:00 PM","class,prototype"
190628_fri_05,"Jun 28, 2019 7:12 PM",recursion
190628_fri_06,"Jul 05, 2019 3:44 PM","koans,reducer"
알고리즘,"Jul 19, 2019 10:13 AM",알고리즘
알고리즘_백준(알약),"Jul 19, 2019 10:13 AM","recursion,알고리즘,재귀"
190702,"Jul 04, 2019 10:33 AM",일기
190704_thu_01,"Jul 08, 2019 6:58 PM","SA1,offLineMinimum,position"
190704_thu_02,"Jul 04, 2019 3:46 PM","koans,slice(),splice(),split()"
190704_thu_03_Advanced-AboutInheritance,"Jul 08, 2019 6:59 PM",koans
190704_thu_04,"Jul 05, 2019 3:43 PM",filter
190705_fir_04_programmers,"Jul 05, 2019 8:43 PM",levelTest
190705_fri_01_(funtional),"Jul 05, 2019 3:43 PM","filter,funtional,map,reduce"
190705_fri_02_중복제거(유니크),"Jul 18, 2019 7:09 PM","filter,unique"
190705_fri~_03_underbar_,"Jul 16, 2019 2:37 PM",underbar
190706_sat_부스트캠프 테스트,"Jul 08, 2019 6:47 PM","test,부스트캠프"
"Array.prototype.slice.call(arguments) ","Jul 18, 2019 7:34 PM","apply,call"
momonton_01,"Jul 18, 2019 11:48 AM","momonton,노마드코더"
노마드코더 주빈정보,"Jul 15, 2019 2:56 PM",노마드코더
momonton_02,"Jul 18, 2019 5:02 PM","momonton,노마드코더"
,"Jul 05, 2019 1:42 PM",
,"Jul 15, 2019 2:55 PM",